,id,firstName,lastName,maidenName,age,gender,email,phone,username,password,birthDate,image,bloodGroup,height,weight,eyeColor,ip,macAddress,university,ein,ssn,userAgent,role,hair.color,hair.type,address.address,address.city,address.state,address.stateCode,address.postalCode,address.coordinates.lat,address.coordinates.lng,address.country,bank.cardExpire,bank.cardNumber,bank.cardType,bank.currency,bank.iban,company.department,company.name,company.title,company.address.address,company.address.city,company.address.state,company.address.stateCode,company.address.postalCode,company.address.coordinates.lat,company.address.coordinates.lng,company.address.country,crypto.coin,crypto.wallet,crypto.network
0,1,Emily,Johnson,Smith,29,female,emily.johnson@x.dummyjson.com,+81 965-431-3024,emilys,emilyspass,1996-5-30,https://dummyjson.com/icon/emilys/128,O-,193.24,63.16,Green,42.48.100.32,47:fa:41:18:ec:eb,University of Wisconsin--Madison,977-175,900-590-289,"Mozilla/5.0 (Macintosh; Intel Mac OS X 10_15_7) AppleWebKit/537.36 (KHTML, like Gecko) Chrome/96.0.4664.93 Safari/537.36",admin,Brown,Curly,626 Main Street,Phoenix,Mississippi,MS,29112,-77.16213,-92.084824,United States,05/28,3693233511855044,Diners Club International,GBP,GB74MH2UZLR9TRPHYNU8F8,Engineering,"Dooley, Kozey and Cronin",Sales Manager,263 Tenth Street,San Francisco,Wisconsin,WI,37657,71.814525,-161.150263,United States,Bitcoin,0xb9fc2fe63b2a6c003f1c324c3bfa53259162181a,Ethereum (ERC20)
1,2,Michael,Williams,,36,male,michael.williams@x.dummyjson.com,+49 258-627-6644,michaelw,michaelwpass,1989-8-10,https://dummyjson.com/icon/michaelw/128,B+,186.22,76.32,Red,12.13.116.142,79:15:78:99:60:aa,Ohio State University,912-602,108-953-962,"Mozilla/5.0 (Windows NT 10.0; Win64; x64) AppleWebKit/537.36 (KHTML, like Gecko) Edge/97.0.1072.76 Safari/537.36",admin,Green,Straight,385 Fifth Street,Houston,Alabama,AL,38807,22.815468,115.608581,United States,01/30,3530633803003665,JCB,USD,DE26362283149158045865,Support,Spinka - Dickinson,Support Specialist,395 Main Street,Los Angeles,New Hampshire,NH,73442,79.098326,-119.624845,United States,Bitcoin,0xb9fc2fe63b2a6c003f1c324c3bfa53259162181a,Ethereum (ERC20)
2,3,Sophia,Brown,,43,female,sophia.brown@x.dummyjson.com,+81 210-652-2785,sophiab,sophiabpass,1982-11-6,https://dummyjson.com/icon/sophiab/128,O-,177.72,52.6,Hazel,214.225.51.195,12:a3:d3:6f:5c:5b,Pepperdine University,963-113,638-461-822,"Mozilla/5.0 (Windows NT 10.0; Win64; x64) AppleWebKit/537.36 (KHTML, like Gecko) Chrome/96.0.4664.45 Safari/537.36",admin,White,Wavy,1642 Ninth Street,Washington,Alabama,AL,32822,45.289366,46.832664,United States,10/27,6011212053392887,Discover,EUR,DE12191213468288004835,Research and Development,Schiller - Zieme,Accountant,1896 Washington Street,Dallas,Nevada,NV,88511,20.086743,-34.577107,United States,Bitcoin,0xb9fc2fe63b2a6c003f1c324c3bfa53259162181a,Ethereum (ERC20)
3,4,James,Davis,,46,male,james.davis@x.dummyjson.com,+49 614-958-9364,jamesd,jamesdpass,1979-5-4,https://dummyjson.com/icon/jamesd/128,AB+,193.31,62.1,Amber,101.118.131.66,10:7d:df:1f:97:58,University of Southern California,904-810,116-951-314,"Mozilla/5.0 (Macintosh; Intel Mac OS X 10_15_7) AppleWebKit/537.36 (KHTML, like Gecko) Chrome/97.0.4692.99 Safari/537.36",admin,Blonde,Straight,238 Jefferson Street,Seattle,Pennsylvania,PA,68354,16.782513,-139.34723,United States,07/30,5303440212268149,Mastercard,CAD,DE01300746880579852937,Support,Pagac and Sons,Research Analyst,1622 Lincoln Street,Fort Worth,Pennsylvania,PA,27768,54.91193,-79.498328,United States,Bitcoin,0xb9fc2fe63b2a6c003f1c324c3bfa53259162181a,Ethereum (ERC20)
4,5,Emma,Miller,Johnson,31,female,emma.miller@x.dummyjson.com,+91 759-776-1614,emmaj,emmajpass,1994-6-13,https://dummyjson.com/icon/emmaj/128,AB-,192.8,63.62,Green,224.126.22.183,32:b9:7e:8d:f5:e8,Northeastern University,403-505,526-210-885,Mozilla/5.0 (Windows NT 10.0; Win64; x64; rv:97.0) Gecko/20100101 Firefox/97.0,admin,White,Straight,607 Fourth Street,Jacksonville,Colorado,CO,26593,0.505589,-157.43281,United States,07/30,5237188057591130,Mastercard,NZD,DE19182355652037133559,Human Resources,Graham - Gulgowski,Quality Assurance Engineer,1460 Sixth Street,San Antonio,Idaho,ID,21965,44.346545,-26.944701,United States,Bitcoin,0xb9fc2fe63b2a6c003f1c324c3bfa53259162181a,Ethereum (ERC20)
5,6,Olivia,Wilson,,23,female,olivia.wilson@x.dummyjson.com,+91 607-295-6448,oliviaw,oliviawpass,2002-4-20,https://dummyjson.com/icon/oliviaw/128,B+,182.61,58.0,Hazel,249.178.112.207,9c:7f:ea:34:18:19,University of North Carolina--Chapel Hill,921-709,836-772-168,"Mozilla/5.0 (Macintosh; Intel Mac OS X 10_15_7) AppleWebKit/605.1.15 (KHTML, like Gecko) Version/15.3 Safari/605.1.15",moderator,Gray,Curly,547 First Street,Fort Worth,Tennessee,TN,83843,75.32627,-26.15285,United States,06/30,376320072452632,American Express,NZD,DE21153814367894194071,Product Management,Pfannerstill Inc,Research Analyst,425 Sixth Street,Indianapolis,Oklahoma,OK,74263,74.986644,-132.916888,United States,Bitcoin,0xb9fc2fe63b2a6c003f1c324c3bfa53259162181a,Ethereum (ERC20)
6,7,Alexander,Jones,,39,male,alexander.jones@x.dummyjson.com,+61 260-824-4986,alexanderj,alexanderjpass,1986-10-20,https://dummyjson.com/icon/alexanderj/128,AB-,153.89,77.42,Blue,166.204.84.32,d2:64:58:2d:1c:46,University of Illinois--Urbana-Champaign,638-127,722-993-925,"Mozilla/5.0 (Macintosh; Intel Mac OS X 10_15_7) AppleWebKit/537.36 (KHTML, like Gecko) Chrome/95.0.4638.69 Safari/537.36",moderator,White,Straight,664 Maple Street,Indianapolis,Delaware,DE,86684,35.289664,7.063255,United States,12/29,5189302549548693,Mastercard,PKR,DE67517655968963441488,Engineering,Dickens - Beahan,Web Developer,996 Eighth Street,Washington,Kansas,KS,27858,-75.462366,-128.025697,United States,Bitcoin,0xb9fc2fe63b2a6c003f1c324c3bfa53259162181a,Ethereum (ERC20)
7,8,Ava,Taylor,,28,female,ava.taylor@x.dummyjson.com,+1 458-853-7877,avat,avatpass,1997-8-25,https://dummyjson.com/icon/avat/128,AB-,168.47,57.08,Hazel,150.73.197.233,8d:2e:c2:d6:e7:a8,University of Wisconsin--Madison,297-762,257-419-109,"Mozilla/5.0 (Windows NT 10.0; Win64; x64) AppleWebKit/537.36 (KHTML, like Gecko) Chrome/96.0.4664.45 Safari/537.36",moderator,Red,Kinky,1197 First Street,Fort Worth,Rhode Island,RI,24771,-81.194833,-87.948158,United States,08/30,5349974103330333,Mastercard,EUR,FR94ZM2MMGL1EVYQE1ZLCVCFH83,Marketing,Nikolaus Inc,Chief Executive Officer,930 Lincoln Street,Austin,Colorado,CO,47592,87.970083,-42.769351,United States,Bitcoin,0xb9fc2fe63b2a6c003f1c324c3bfa53259162181a,Ethereum (ERC20)
8,9,Ethan,Martinez,,34,male,ethan.martinez@x.dummyjson.com,+92 933-608-5081,ethanm,ethanmpass,1991-2-12,https://dummyjson.com/icon/ethanm/128,AB+,159.19,68.81,Hazel,63.191.127.71,59:e:9e:e3:29:da,Syracuse University,790-434,569-650-348,"Mozilla/5.0 (Windows NT 10.0; Win64; x64) AppleWebKit/537.36 (KHTML, like Gecko) Chrome/95.0.4638.69 Safari/537.36",moderator,Purple,Curly,466 Pine Street,San Antonio,Louisiana,LA,72360,74.074918,-25.312703,United States,10/27,3598603288061479,JCB,GBP,GB26PND7D83JTW4HL6LZ71,Support,Gorczany - Gottlieb,Legal Counsel,1597 Oak Street,Chicago,Florida,FL,28100,-67.45208,-23.209886,United States,Bitcoin,0xb9fc2fe63b2a6c003f1c324c3bfa53259162181a,Ethereum (ERC20)
9,10,Isabella,Anderson,Davis,32,female,isabella.anderson@x.dummyjson.com,+49 770-658-4885,isabellad,isabelladpass,1993-6-10,https://dummyjson.com/icon/isabellad/128,A-,150.56,50.1,Brown,114.9.114.205,b1:b0:d0:a2:82:80,California Institute of Technology (Caltech),127-297,902-438-728,"Mozilla/5.0 (Macintosh; Intel Mac OS X 10_15_7) AppleWebKit/537.36 (KHTML, like Gecko) Chrome/96.0.4664.93 Safari/537.36",moderator,Blonde,Curly,1964 Oak Street,New York,Utah,UT,89352,41.331324,151.782727,United States,03/30,3602093733952858,Diners Club International,USD,DE12934874962442340025,Marketing,Pollich - Hilpert,Chief Financial Officer,1029 Adams Street,San Diego,Maryland,MD,63847,-25.843393,-62.692681,United States,Bitcoin,0xb9fc2fe63b2a6c003f1c324c3bfa53259162181a,Ethereum (ERC20)
10,11,Liam,Garcia,,30,male,liam.garcia@x.dummyjson.com,+92 870-217-6201,liamg,liamgpass,1995-6-6,https://dummyjson.com/icon/liamg/128,AB-,162.32,93.16,Violet,56.201.85.9,31:9a:28:8b:99:6c,Ohio State University,326-604,933-784-949,"Mozilla/5.0 (Macintosh; Intel Mac OS X 10_15_7) AppleWebKit/537.36 (KHTML, like Gecko) Chrome/97.0.4692.99 Safari/537.36",moderator,Red,Wavy,576 Fifth Street,Denver,South Dakota,SD,57252,-66.218177,-145.340165,United States,12/29,3614993744940956,Diners Club International,USD,DE65581882748067758114,Services,Considine - Torp,Web Developer,27 Cedar Street,Philadelphia,Connecticut,CT,79574,-81.841588,31.79423,United States,Bitcoin,0xb9fc2fe63b2a6c003f1c324c3bfa53259162181a,Ethereum (ERC20)
11,12,Mia,Rodriguez,,25,female,mia.rodriguez@x.dummyjson.com,+49 989-461-8403,miar,miarpass,2000-8-4,https://dummyjson.com/icon/miar/128,O-,188.08,56.03,Blue,11.72.253.90,53:d7:a4:6:1e:58,William & Mary,754-660,749-524-124,"Mozilla/5.0 (Macintosh; Intel Mac OS X 10_15_7) AppleWebKit/537.36 (KHTML, like Gecko) Chrome/95.0.4638.54 Safari/537.36",moderator,Purple,Wavy,1627 Sixth Street,Jacksonville,West Virginia,WV,41810,24.857497,-34.865429,United States,02/29,343932350909214,American Express,CAD,DE77118774979880310165,Accounting,"Miller, Schowalter and Wisozk",Business Analyst,1039 Washington Street,Philadelphia,New Jersey,NJ,57518,85.455933,164.246103,United States,Bitcoin,0xb9fc2fe63b2a6c003f1c324c3bfa53259162181a,Ethereum (ERC20)
12,13,Noah,Hernandez,,41,male,noah.hernandez@x.dummyjson.com,+49 393-605-6968,noahh,noahhpass,1984-6-5,https://dummyjson.com/icon/noahh/128,AB+,188.62,69.49,Brown,169.154.126.57,d4:fe:ae:8f:eb:a3,New York University (NYU),877-628,660-847-389,"Mozilla/5.0 (Windows NT 10.0; Win64; x64) AppleWebKit/537.36 (KHTML, like Gecko) Chrome/95.0.4638.54 Safari/537.36",moderator,Red,Curly,1413 Maple Street,New York,North Dakota,ND,73696,-25.0377,-151.70469,United States,03/30,6262462852322850,UnionPay,PKR,DE13437032020581217601,Engineering,"Botsford, Marquardt and Roberts",Database Administrator,62 Third Street,Seattle,Oregon,OR,83474,19.490447,-13.173207,United States,Bitcoin,0xb9fc2fe63b2a6c003f1c324c3bfa53259162181a,Ethereum (ERC20)
13,14,Charlotte,Lopez,Martinez,37,female,charlotte.lopez@x.dummyjson.com,+44 373-953-5028,charlottem,charlottempass,1988-6-8,https://dummyjson.com/icon/charlottem/128,AB-,178.92,82.46,Brown,119.103.95.60,f6:ff:37:aa:6c:f1,Northeastern University,364-782,255-491-479,"Mozilla/5.0 (Windows NT 10.0; Win64; x64) AppleWebKit/537.36 (KHTML, like Gecko) Chrome/96.0.4664.45 Safari/537.36",moderator,Gray,Kinky,208 Second Street,Columbus,Ohio,OH,42044,-44.443762,-151.420561,United States,12/27,3634388457177035,Diners Club International,PKR,DE54092147842698685963,Accounting,Zulauf and Sons,Chief Executive Officer,569 Jefferson Street,Los Angeles,Montana,MT,17779,-18.371256,22.566258,United States,Bitcoin,0xb9fc2fe63b2a6c003f1c324c3bfa53259162181a,Ethereum (ERC20)
14,15,William,Gonzalez,,33,male,william.gonzalez@x.dummyjson.com,+81 905-252-7319,williamg,williamgpass,1992-3-27,https://dummyjson.com/icon/williamg/128,B-,173.21,82.41,Hazel,250.2.241.204,f5:68:28:f9:ec:89,Tufts University,830-515,690-544-755,"Mozilla/5.0 (Macintosh; Intel Mac OS X 10_15_7) AppleWebKit/537.36 (KHTML, like Gecko) Chrome/96.0.4664.93 Safari/537.36",moderator,Gray,Curly,31 Maple Street,San Jose,Utah,UT,78243,8.152876,113.29799,United States,05/30,6228256225004929,UnionPay,PKR,DE63711022986572448914,Marketing,Spinka - Dickinson,Software Architect,1538 Eighth Street,San Jose,Missouri,MO,29673,24.169361,-29.395167,United States,Bitcoin,0xb9fc2fe63b2a6c003f1c324c3bfa53259162181a,Ethereum (ERC20)
15,16,Avery,Perez,,26,female,avery.perez@x.dummyjson.com,+61 731-431-3457,averyp,averyppass,1999-3-10,https://dummyjson.com/icon/averyp/128,O-,172.68,93.9,Brown,131.217.4.214,b3:ff:f3:c5:37:46,Harvard University,348-493,679-523-686,"Mozilla/5.0 (Macintosh; Intel Mac OS X 10_15_7) AppleWebKit/537.36 (KHTML, like Gecko) Chrome/95.0.4638.69 Safari/537.36",user,Green,Curly,1125 First Street,Columbus,Iowa,IA,30973,12.789127,85.792598,United States,08/29,378024038311910,American Express,USD,DE42403186906981858976,Accounting,Herzog Inc,Database Administrator,183 Maple Street,New York,Rhode Island,RI,45238,-53.318189,105.835271,United States,Bitcoin,0xb9fc2fe63b2a6c003f1c324c3bfa53259162181a,Ethereum (ERC20)
16,17,Evelyn,Sanchez,,38,female,evelyn.sanchez@x.dummyjson.com,+1 623-880-6871,evelyns,evelynspass,1987-10-13,https://dummyjson.com/icon/evelyns/128,B+,184.08,83.15,Violet,87.114.135.146,f8:e5:bd:43:bc:d8,Washington University in St. Louis,604-817,689-332-644,"Mozilla/5.0 (Macintosh; Intel Mac OS X 10_15_7) AppleWebKit/537.36 (KHTML, like Gecko) Chrome/96.0.4664.45 Safari/537.36",user,Blue,Curly,1170 Lincoln Street,San Diego,Wyoming,WY,43423,-83.31484,11.768071,United States,01/29,3514443781649095,JCB,GBP,GB74239MLVNQ0UB9ANTFRM,Support,Predovic - Johns,Chief Financial Officer,1802 Ninth Street,San Diego,Minnesota,MN,89416,29.034592,-78.004598,United States,Bitcoin,0xb9fc2fe63b2a6c003f1c324c3bfa53259162181a,Ethereum (ERC20)
17,18,Logan,Torres,,32,male,logan.torres@x.dummyjson.com,+81 507-434-8733,logant,logantpass,1993-10-26,https://dummyjson.com/icon/logant/128,A+,190.04,72.43,Green,155.98.15.162,40:d:5c:1:7d:bf,University of Illinois--Urbana-Champaign,576-218,806-639-934,"Mozilla/5.0 (Macintosh; Intel Mac OS X 10_15_7) AppleWebKit/537.36 (KHTML, like Gecko) Chrome/96.0.4664.45 Safari/537.36",user,Green,Curly,907 Seventh Street,Columbus,Arkansas,AR,78805,-64.846516,174.775744,United States,04/30,6258651210557142,UnionPay,EUR,ES1171429445321693077621,Training,Jast - Nader,Data Analyst,947 Main Street,Denver,Minnesota,MN,71896,-24.654063,-147.255268,United States,Bitcoin,0xb9fc2fe63b2a6c003f1c324c3bfa53259162181a,Ethereum (ERC20)
18,19,Abigail,Rivera,,29,female,abigail.rivera@x.dummyjson.com,+91 228-363-7806,abigailr,abigailrpass,1996-10-11,https://dummyjson.com/icon/abigailr/128,B+,186.39,74.61,Violet,19.183.240.94,1d:a6:58:2a:e5:e4,California Institute of Technology (Caltech),173-637,655-823-929,"Mozilla/5.0 (Windows NT 10.0; Win64; x64) AppleWebKit/537.36 (KHTML, like Gecko) Edge/97.0.1072.76 Safari/537.36",user,Blue,Kinky,996 Oak Street,Chicago,New Mexico,NM,11407,44.321308,-3.723903,United States,01/27,6011399019022417,Discover,EUR,IT11QP2B5J81QM1FBX029VI5DD68O,Human Resources,Prohaska - Thiel,Business Analyst,1402 Adams Street,Austin,Wisconsin,WI,51456,25.672938,-76.54967,United States,Bitcoin,0xb9fc2fe63b2a6c003f1c324c3bfa53259162181a,Ethereum (ERC20)
19,20,Jackson,Evans,,35,male,jackson.evans@x.dummyjson.com,+44 468-628-6686,jacksone,jacksonepass,1990-11-30,https://dummyjson.com/icon/jacksone/128,O-,162.57,74.37,Green,221.127.144.198,81:14:1:97:88:85,Ohio State University,843-260,248-787-886,"Mozilla/5.0 (Macintosh; Intel Mac OS X 10_15_7) AppleWebKit/537.36 (KHTML, like Gecko) Chrome/97.0.4692.99 Safari/537.36",user,Red,Straight,1873 Main Street,New York,Arkansas,AR,26600,34.722451,63.448927,United States,07/30,376760688512826,American Express,GBP,GB27CM0H0MNPXSPDGA0A1O,Legal,Kuhlman LLC,Web Developer,1706 First Street,Chicago,Hawaii,HI,34725,-80.416937,-83.224516,United States,Bitcoin,0xb9fc2fe63b2a6c003f1c324c3bfa53259162181a,Ethereum (ERC20)
20,21,Madison,Collins,,27,female,madison.collins@x.dummyjson.com,+81 259-957-5711,madisonc,madisoncpass,1998-3-7,https://dummyjson.com/icon/madisonc/128,B-,189.28,56.96,Red,85.34.1.204,13:b0:d0:23:4d:26,University of Pennsylvania,716-166,457-258-950,"Mozilla/5.0 (Macintosh; Intel Mac OS X 10_15_7) AppleWebKit/537.36 (KHTML, like Gecko) Chrome/97.0.4692.99 Safari/537.36",user,Gray,Curly,1892 Lincoln Street,Philadelphia,New Jersey,NJ,62091,52.993694,160.486892,United States,09/27,5551259848327064,Mastercard,EUR,ES3893300143587765232049,Engineering,Mayer - Smitham,Chief Technology Officer,1438 Main Street,San Diego,Delaware,DE,63144,1.629613,23.232982,United States,Bitcoin,0xb9fc2fe63b2a6c003f1c324c3bfa53259162181a,Ethereum (ERC20)
21,22,Elijah,Stewart,,34,male,elijah.stewart@x.dummyjson.com,+44 468-357-7872,elijahs,elijahspass,1991-10-22,https://dummyjson.com/icon/elijahs/128,A-,195.33,81.64,Blue,23.87.135.62,75:17:c6:35:fc:6d,Georgetown University,520-394,287-380-801,"Mozilla/5.0 (Macintosh; Intel Mac OS X 10_15_7) AppleWebKit/537.36 (KHTML, like Gecko) Chrome/96.0.4664.93 Safari/537.36",user,Purple,Straight,1701 Eighth Street,Columbus,Illinois,IL,31585,-54.833799,-174.504027,United States,05/28,3648138556543460,Diners Club International,EUR,DE82018985741195770313,Legal,Langworth Group,Business Analyst,155 Ninth Street,Washington,South Dakota,SD,19039,61.279254,-12.607767,United States,Bitcoin,0xb9fc2fe63b2a6c003f1c324c3bfa53259162181a,Ethereum (ERC20)
22,23,Chloe,Morales,,40,female,chloe.morales@x.dummyjson.com,+92 468-541-7133,chloem,chloempass,1985-4-21,https://dummyjson.com/icon/chloem/128,O+,185.07,63.97,Brown,66.78.20.21,fc:f:29:e1:37:b8,Syracuse University,913-597,938-883-163,"Mozilla/5.0 (Windows NT 10.0; Win64; x64) AppleWebKit/537.36 (KHTML, like Gecko) Chrome/96.0.4664.93 Safari/537.36",user,Red,Kinky,401 Fourth Street,Dallas,New Jersey,NJ,54972,-30.190759,-58.705979,United States,09/30,347036238254235,American Express,CNY,DE77762461851744284392,Sales,Grady LLC,Database Administrator,269 Third Street,Houston,North Carolina,NC,10385,40.098115,-1.762972,United States,Bitcoin,0xb9fc2fe63b2a6c003f1c324c3bfa53259162181a,Ethereum (ERC20)
23,24,Mateo,Nguyen,,31,male,mateo.nguyen@x.dummyjson.com,+1 341-597-6694,mateon,mateonpass,1994-6-2,https://dummyjson.com/icon/mateon/128,O+,174.29,59.98,Red,192.57.144.7,a7:26:10:7a:36:29,Columbia University,229-249,416-877-230,"Mozilla/5.0 (Windows NT 10.0; Win64; x64) AppleWebKit/537.36 (KHTML, like Gecko) Chrome/95.0.4638.69 Safari/537.36",user,Purple,Wavy,1578 Fourth Street,Columbus,Missouri,MO,20673,-32.828675,-82.557354,United States,12/29,4021840414995098,Visa,CAD,DE43275561962007561223,Accounting,Spinka LLC,Business Analyst,1967 Jefferson Street,Dallas,Louisiana,LA,78527,75.982676,164.459743,United States,Bitcoin,0xb9fc2fe63b2a6c003f1c324c3bfa53259162181a,Ethereum (ERC20)
24,25,Harper,Kelly,Evans,28,female,harper.kelly@x.dummyjson.com,+92 518-863-2863,harpere,harperepass,1997-3-3,https://dummyjson.com/icon/harpere/128,AB-,184.32,81.69,Amber,174.111.61.162,b:ff:33:67:94:e4,Boston College,592-557,209-544-548,"Mozilla/5.0 (Macintosh; Intel Mac OS X 10_15_7) AppleWebKit/537.36 (KHTML, like Gecko) Chrome/97.0.4692.99 Safari/537.36",user,Red,Curly,1591 Adams Street,Philadelphia,New York,NY,69521,-26.832913,-75.445017,United States,06/27,4488823564436432,Visa,EUR,ES5874149276753342261515,Legal,"Leffler, Rolfson and Becker",Business Development Manager,16 Maple Street,Austin,North Carolina,NC,68274,-15.423746,149.298887,United States,Bitcoin,0xb9fc2fe63b2a6c003f1c324c3bfa53259162181a,Ethereum (ERC20)
25,26,Evelyn,Gonzalez,,36,female,evelyn.gonzalez@x.dummyjson.com,+61 708-508-4638,evelyng,evelyngpass,1989-2-5,https://dummyjson.com/icon/evelyng/128,O+,168.94,58.47,Red,42.52.74.232,89:5e:5a:2a:72:42,Washington University in St. Louis,569-275,487-680-127,"Mozilla/5.0 (Windows NT 10.0; Win64; x64) AppleWebKit/537.36 (KHTML, like Gecko) Chrome/95.0.4638.54 Safari/537.36",user,Black,Wavy,1065 Lincoln Street,Dallas,Maine,ME,84898,67.768359,71.268643,United States,08/28,6011735364912274,Discover,CAD,DE27147353096476220032,Accounting,"Tromp, Gaylord and Weber",Project Manager,584 Ninth Street,Jacksonville,Wisconsin,WI,45633,26.014021,40.572436,United States,Bitcoin,0xb9fc2fe63b2a6c003f1c324c3bfa53259162181a,Ethereum (ERC20)
26,27,Daniel,Cook,,42,male,daniel.cook@x.dummyjson.com,+44 254-761-6843,danielc,danielcpass,1983-12-25,https://dummyjson.com/icon/danielc/128,AB+,186.21,83.72,Brown,1.61.73.142,6e:73:dc:3a:85:10,Columbia University,585-905,645-515-583,Mozilla/5.0 (Windows NT 10.0; Win64; x64; rv:97.0) Gecko/20100101 Firefox/97.0,user,Blonde,Curly,1163 Pine Street,Los Angeles,Nevada,NV,58781,-3.456681,-134.937482,United States,05/29,5485409595328150,Mastercard,NZD,DE71341603969952506034,Support,"Morissette, Baumbach and Auer",Legal Counsel,938 Fifth Street,San Francisco,South Dakota,SD,45305,21.323588,-83.531427,United States,Bitcoin,0xb9fc2fe63b2a6c003f1c324c3bfa53259162181a,Ethereum (ERC20)
27,28,Lily,Lee,Brown,30,female,lily.lee@x.dummyjson.com,+1 808-757-9867,lilyb,lilybpass,1995-12-3,https://dummyjson.com/icon/lilyb/128,AB-,181.42,51.49,Gray,67.184.255.96,18:b6:c7:a:50:3f,Johns Hopkins University,229-776,358-185-671,"Mozilla/5.0 (Windows NT 10.0; Win64; x64) AppleWebKit/537.36 (KHTML, like Gecko) Edge/97.0.1072.76 Safari/537.36",user,Purple,Straight,1946 Oak Street,Phoenix,Massachusetts,MA,41540,-9.87059,-72.336845,United States,12/28,5551782139834613,Mastercard,CAD,DE49484285539189712621,Product Management,Cremin Inc,Quality Assurance Engineer,1735 Cedar Street,Phoenix,Wyoming,WY,85797,72.231441,-158.147245,United States,Bitcoin,0xb9fc2fe63b2a6c003f1c324c3bfa53259162181a,Ethereum (ERC20)
28,29,Henry,Hill,,39,male,henry.hill@x.dummyjson.com,+1 240-833-4680,henryh,henryhpass,1986-8-19,https://dummyjson.com/icon/henryh/128,O-,180.25,95.84,Gray,194.43.55.202,fa:c3:1b:21:5f:44,University of Illinois--Urbana-Champaign,118-957,925-686-100,"Mozilla/5.0 (Windows NT 10.0; Win64; x64) AppleWebKit/537.36 (KHTML, like Gecko) Chrome/96.0.4664.93 Safari/537.36",user,Black,Straight,1837 Maple Street,Indianapolis,Delaware,DE,81783,35.498256,154.088476,United States,11/29,3625097026040498,Diners Club International,EUR,DE08820336197191865470,Services,"Gerlach, Funk and Schoen",Sales Manager,1651 Lincoln Street,San Francisco,West Virginia,WV,61805,-59.936335,-12.405368,United States,Bitcoin,0xb9fc2fe63b2a6c003f1c324c3bfa53259162181a,Ethereum (ERC20)
29,30,Addison,Wright,,33,female,addison.wright@x.dummyjson.com,+1 514-384-3300,addisonw,addisonwpass,1992-1-3,https://dummyjson.com/icon/addisonw/128,B+,179.32,76.93,Brown,11.35.69.81,fb:0:94:21:16:c,Syracuse University,415-286,804-492-390,"Mozilla/5.0 (Macintosh; Intel Mac OS X 10_15_7) AppleWebKit/537.36 (KHTML, like Gecko) Chrome/96.0.4664.93 Safari/537.36",user,Blonde,Straight,568 Tenth Street,San Francisco,Montana,MT,54698,20.946052,100.228822,United States,06/28,5274971895809762,Mastercard,PKR,DE91480955939051635497,Services,Kreiger Inc,Human Resources Manager,1173 Eighth Street,San Diego,Michigan,MI,85777,65.324413,87.142893,United States,Bitcoin,0xb9fc2fe63b2a6c003f1c324c3bfa53259162181a,Ethereum (ERC20)
